Instrument Name,LMAX ID,LMAX symbol ,Contract Multiplier,Tick Size,Tick Value,Effective Date,Expiry Date,Quoted CCY,Margin Rate (%),Position Threshold (Contracts),LMAX Trading Hours
AUD/CAD,100667,AUD/CAD,10000,0.00001,0.1,14/03/2012,,CAD,1,2530,17:05 Sun - 17:00 Fri EST / EDT (except 17:00 - 17:05 daily)
AUD/CHF,100619,AUD/CHF,10000,0.00001,0.1,29/09/2011,,CHF,2,1070,17:05 Sun - 17:00 Fri EST / EDT (except 17:00 - 17:05 daily)
AUD/JPY,4008,AUD/JPY,10000,0.001,10,09/07/2010,,JPY,1.5,2530,17:05 Sun - 17:00 Fri EST / EDT (except 17:00 - 17:05 daily)
AUD/NZD,100615,AUD/NZD,10000,0.00001,0.1,29/09/2011,,NZD,1.5,2530,17:05 Sun - 17:00 Fri EST / EDT (except 17:00 - 17:05 daily)
AUD/USD,4007,AUD/USD,10000,0.00001,0.1,09/07/2010,,USD,1,3790,17:05 Sun - 17:00 Fri EST / EDT (except 17:00 - 17:05 daily)
CAD/CHF,100671,CAD/CHF,10000,0.00001,0.1,14/03/2012,,CHF,2,1090,17:05 Sun - 17:00 Fri EST / EDT (except 17:00 - 17:05 daily)
CAD/JPY,100669,CAD/JPY,10000,0.001,10,14/03/2012,,JPY,1.5,2490,17:05 Sun - 17:00 Fri EST / EDT (except 17:00 - 17:05 daily)
CHF/JPY,4009,CHF/JPY,10000,0.001,10,09/07/2010,,JPY,2,880,17:05 Sun - 17:00 Fri EST / EDT (except 17:00 - 17:05 daily)
EUR/AUD,4016,EUR/AUD,10000,0.00001,0.1,09/07/2010,,AUD,1.5,890,17:05 Sun - 17:00 Fri EST / EDT (except 17:00 - 17:05 daily)
EUR/CAD,4015,EUR/CAD,10000,0.00001,0.1,09/07/2010,,CAD,1,890,17:05 Sun - 17:00 Fri EST / EDT (except 17:00 - 17:05 daily)
EUR/CHF,4011,EUR/CHF,10000,0.00001,0.1,09/07/2010,,CHF,2,760,17:05 Sun - 17:00 Fri EST / EDT (except 17:00 - 17:05 daily)
EUR/CZK,100479,EUR/CZK,10000,0.0001,1,05/07/2011,,CZK,10,180,17:05 Sun - 17:00 Fri EST / EDT (except 17:00 - 17:05 daily)
EUR/DKK,100485,EUR/DKK,10000,0.00001,0.1,05/07/2011,,DKK,10,890,17:05 Sun - 17:00 Fri EST / EDT (except 17:00 - 17:05 daily)
EUR/GBP,4003,EUR/GBP,10000,0.00001,0.1,09/07/2010,,GBP,1,2000,17:05 Sun - 17:00 Fri EST / EDT (except 17:00 - 17:05 daily)
EUR/HKD,100491,EUR/HKD,10000,0.00001,0.1,05/07/2011,,HKD,10,180,17:05 Sun - 17:00 Fri EST / EDT (except 17:00 - 17:05 daily)
EUR/HUF,100497,EUR/HUF,10000,0.001,10,05/07/2011,,HUF,3,180,17:05 Sun - 17:00 Fri EST / EDT (except 17:00 - 17:05 daily)
EUR/JPY,4006,EUR/JPY,10000,0.001,10,09/07/2010,,JPY,1,2000,17:05 Sun - 17:00 Fri EST / EDT (except 17:00 - 17:05 daily)
EUR/MXN,100503,EUR/MXN,10000,0.00001,0.1,05/07/2011,,MXN,3,180,17:05 Sun - 17:00 Fri EST / EDT (except 17:00 - 17:05 daily)
EUR/NOK,100509,EUR/NOK,10000,0.00001,0.1,05/07/2011,,NOK,1.5,450,17:05 Sun - 17:00 Fri EST / EDT (except 17:00 - 17:05 daily)
EUR/NZD,100515,EUR/NZD,10000,0.00001,0.1,05/07/2011,,NZD,2,450,17:05 Sun - 17:00 Fri EST / EDT (except 17:00 - 17:05 daily)
EUR/PLN,100519,EUR/PLN,10000,0.00001,0.1,05/07/2011,,PLN,2,180,17:05 Sun - 17:00 Fri EST / EDT (except 17:00 - 17:05 daily)
EUR/RON,100930,EUR/RON,10000,0.00001,0.1,28/10/2016,,RON,2,180,17:05 Sun - 17:00 Fri EST / EDT (except 17:00 - 17:05 daily)
EUR/RUB,100679,EUR/RUB,10000,0.00001,0.1,19/12/2013,,RUB,5,180,03:00 - 17:00 EST / EDT Mon - Fri
EUR/SEK,100525,EUR/SEK,10000,0.00001,0.1,05/07/2011,,SEK,1.5,450,17:05 Sun - 17:00 Fri EST / EDT (except 17:00 - 17:05 daily)
EUR/SGD,100531,EUR/SGD,10000,0.00001,0.1,05/07/2011,,SGD,10,180,17:05 Sun - 17:00 Fri EST / EDT (except 17:00 - 17:05 daily)
EUR/TRY,100537,EUR/TRY,10000,0.00001,0.1,16/09/2013,,TRY,3,180,17:05 Sun - 17:00 Fri EST / EDT (except 17:00 - 17:05 daily)
EUR/USD,4001,EUR/USD,10000,0.00001,0.1,09/07/2010,,USD,1,2500,17:05 Sun - 17:00 Fri EST / EDT (except 17:00 - 17:05 daily)
EUR/ZAR,100543,EUR/ZAR,10000,0.00001,0.1,05/07/2011,,ZAR,3,180,17:05 Sun - 17:00 Fri EST / EDT (except 17:00 - 17:05 daily)
GBP/AUD,4017,GBP/AUD,10000,0.00001,0.1,09/07/2010,,AUD,1.5,1330,17:05 Sun - 17:00 Fri EST / EDT (except 17:00 - 17:05 daily)
GBP/CAD,4014,GBP/CAD,10000,0.00001,0.1,09/07/2010,,CAD,1,1330,17:05 Sun - 17:00 Fri EST / EDT (except 17:00 - 17:05 daily)
GBP/CHF,4012,GBP/CHF,10000,0.00001,0.1,09/07/2010,,CHF,2,608,17:05 Sun - 17:00 Fri EST / EDT (except 17:00 - 17:05 daily)
GBP/CZK,100481,GBP/CZK,10000,0.0001,1,05/07/2011,,CZK,10,135,17:05 Sun - 17:00 Fri EST / EDT (except 17:00 - 17:05 daily)
GBP/DKK,100487,GBP/DKK,10000,0.00001,0.1,05/07/2011,,DKK,10,670,17:05 Sun - 17:00 Fri EST / EDT (except 17:00 - 17:05 daily)
GBP/HKD,100493,GBP/HKD,10000,0.00001,0.1,05/07/2011,,HKD,10,135,17:05 Sun - 17:00 Fri EST / EDT (except 17:00 - 17:05 daily)
GBP/HUF,100499,GBP/HUF,10000,0.001,10,05/07/2011,,HUF,3,135,17:05 Sun - 17:00 Fri EST / EDT (except 17:00 - 17:05 daily)
GBP/JPY,4005,GBP/JPY,10000,0.001,10,09/07/2010,,JPY,1.5,1330,17:05 Sun - 17:00 Fri EST / EDT (except 17:00 - 17:05 daily)
GBP/MXN,100505,GBP/MXN,10000,0.00001,0.1,05/07/2011,,MXN,3,135,17:05 Sun - 17:00 Fri EST / EDT (except 17:00 - 17:05 daily)
GBP/NOK,100511,GBP/NOK,10000,0.00001,0.1,05/07/2011,,NOK,1.5,1000,17:05 Sun - 17:00 Fri EST / EDT (except 17:00 - 17:05 daily)
GBP/NZD,100517,GBP/NZD,10000,0.00001,0.1,05/07/2011,,NZD,2,1000,17:05 Sun - 17:00 Fri EST / EDT (except 17:00 - 17:05 daily)
GBP/PLN,100521,GBP/PLN,10000,0.00001,0.1,05/07/2011,,PLN,2,135,17:05 Sun - 17:00 Fri EST / EDT (except 17:00 - 17:05 daily)
GBP/SEK,100527,GBP/SEK,10000,0.00001,0.1,05/07/2011,,SEK,1.5,670,17:05 Sun - 17:00 Fri EST / EDT (except 17:00 - 17:05 daily)
GBP/SGD,100533,GBP/SGD,10000,0.00001,0.1,05/07/2011,,SGD,10,135,17:05 Sun - 17:00 Fri EST / EDT (except 17:00 - 17:05 daily)
GBP/TRY,100539,GBP/TRY,10000,0.00001,0.1,16/09/2013,,TRY,3,135,17:05 Sun - 17:00 Fri EST / EDT (except 17:00 - 17:05 daily)
GBP/USD,4002,GBP/USD,10000,0.00001,0.1,09/07/2010,,USD,1,2000,17:05 Sun - 17:00 Fri EST / EDT (except 17:00 - 17:05 daily)
GBP/ZAR,100545,GBP/ZAR,10000,0.00001,0.1,05/07/2011,,ZAR,3,135,17:05 Sun - 17:00 Fri EST / EDT (except 17:00 - 17:05 daily)
NOK/SEK,100555,NOK/SEK,10000,0.00001,0.1,13/03/2014,,SEK,1.5,7780,17:05 Sun - 17:00 Fri EST / EDT (except 17:00 - 17:05 daily)
NZD/CAD,100673,NZD/CAD,10000,0.00001,0.1,14/03/2012,,CAD,2,2680,17:05 Sun - 17:00 Fri EST / EDT (except 17:00 - 17:05 daily)
NZD/CHF,100675,NZD/CHF,10000,0.00001,0.1,14/03/2012,,CHF,2,1340,17:05 Sun - 17:00 Fri EST / EDT (except 17:00 - 17:05 daily)
NZD/JPY,100617,NZD/JPY,10000,0.001,10,29/09/2011,,JPY,2.5,2680,17:05 Sun - 17:00 Fri EST / EDT (except 17:00 - 17:05 daily)
NZD/SGD,100677,NZD/SGD,10000,0.00001,0.1,14/03/2012,,SGD,10,200,17:05 Sun - 17:00 Fri EST / EDT (except 17:00 - 17:05 daily)
NZD/USD,100613,NZD/USD,10000,0.00001,0.1,29/09/2011,,USD,1.5,2680,17:05 Sun - 17:00 Fri EST / EDT (except 17:00 - 17:05 daily)
USD/CAD,4013,USD/CAD,10000,0.00001,0.1,09/07/2010,,CAD,1,3000,17:05 Sun - 17:00 Fri EST / EDT (except 17:00 - 17:05 daily)
USD/CHF,4010,USD/CHF,10000,0.00001,0.1,09/07/2010,,CHF,2,1000,17:05 Sun - 17:00 Fri EST / EDT (except 17:00 - 17:05 daily)
USD/CNH,100892,USD/CNH,10000,0.0001,1,19/12/2013,,CNH,10,200,17:05 Sun - 17:00 Fri EST / EDT (except 17:00 - 17:05 daily)
USD/CZK,100483,USD/CZK,10000,0.0001,1,05/07/2011,,CZK,10,200,17:05 Sun - 17:00 Fri EST / EDT (except 17:00 - 17:05 daily)
USD/DKK,100489,USD/DKK,10000,0.00001,0.1,05/07/2011,,DKK,10,1500,17:05 Sun - 17:00 Fri EST / EDT (except 17:00 - 17:05 daily)
USD/HKD,100495,USD/HKD,10000,0.00001,0.1,05/07/2011,,HKD,10,200,17:05 Sun - 17:00 Fri EST / EDT (except 17:00 - 17:05 daily)
USD/HUF,100501,USD/HUF,10000,0.001,10,05/07/2011,,HUF,3,200,17:05 Sun - 17:00 Fri EST / EDT (except 17:00 - 17:05 daily)
USD/ILS,100927,USD/ILS,10000,0.0005,5,07/04/2015,,ILS,3,200,17:05 Sun - 17:00 Fri EST / EDT (except 17:00 - 17:05 daily)
USD/JPY,4004,USD/JPY,10000,0.001,10,09/07/2010,,JPY,1,3000,17:05 Sun - 17:00 Fri EST / EDT (except 17:00 - 17:05 daily)
USD/MXN,100507,USD/MXN,10000,0.00001,0.1,05/07/2011,,MXN,3,200,17:05 Sun - 17:00 Fri EST / EDT (except 17:00 - 17:05 daily)
USD/NOK,100513,USD/NOK,10000,0.00001,0.1,05/07/2011,,NOK,1.5,1500,17:05 Sun - 17:00 Fri EST / EDT (except 17:00 - 17:05 daily)
USD/PLN,100523,USD/PLN,10000,0.00001,0.1,05/07/2011,,PLN,2,200,17:05 Sun - 17:00 Fri EST / EDT (except 17:00 - 17:05 daily)
USD/RON,100931,USD/RON,10000,0.00001,0.1,28/10/2016,,RON,2,200,17:05 Sun - 17:00 Fri EST / EDT (except 17:00 - 17:05 daily)
USD/RUB,100681,USD/RUB,10000,0.0005,5,19/12/2013,,RUB,5,200,03:00 - 17:00 EST / EDT Mon - Fri
USD/SEK,100529,USD/SEK,10000,0.00001,0.1,05/07/2011,,SEK,1.5,1500,17:05 Sun - 17:00 Fri EST / EDT (except 17:00 - 17:05 daily)
USD/SGD,100535,USD/SGD,10000,0.00001,0.1,05/07/2011,,SGD,10,200,17:05 Sun - 17:00 Fri EST / EDT (except 17:00 - 17:05 daily)
USD/TRY,100541,USD/TRY,10000,0.00001,0.1,05/07/2011,,TRY,3,200,17:05 Sun - 17:00 Fri EST / EDT (except 17:00 - 17:05 daily)
USD/ZAR,100547,USD/ZAR,10000,0.00001,0.1,05/07/2011,,ZAR,3,200,17:05 Sun - 17:00 Fri EST / EDT (except 17:00 - 17:05 daily)
Gold (Spot),100637,XAU/USD,10,0.01,0.1,12/12/2011,,USD,1,1160,18:00 Sun - 17:00 Fri EST / EDT (except 17:00 - 18:00 daily)
Gold (Spot Mini),110637,XAU/USDm,1,0.01,0.01,01/01/2016,,USD,1,5000,18:00 Sun - 17:00 Fri EST / EDT (except 17:00 - 18:00 daily)
XAU/EUR,100925,XAU/EUR,10,0.01,0.1,07/07/2014,,EUR,4,385,18:00 Sun - 17:00 Fri EST / EDT (except 17:00 - 18:00 daily)
XAU/AUD,100803,XAU/AUD,10,0.01,0.1,20/05/2013,,AUD,3,325,18:00 Sun - 17:00 Fri EST / EDT (except 17:00 - 18:00 daily)
GLD/CNH,100928,GLD/CNH,0.1,1,0.1,17/08/2016,,CNH,3,200,18:00 Sun - 17:00 Fri EST / EDT (except 17:00 - 18:00 daily)
Silver (Spot),100639,XAG/USD,500,0.001,0.5,12/12/2011,,USD,3,1110,18:00 Sun - 17:00 Fri EST / EDT (except 17:00 - 18:00 daily)
Silver (Spot Mini),110639,XAG/USDm,50,0.001,0.05,01/01/2016,,USD,3,5000,18:00 Sun - 17:00 Fri EST / EDT (except 17:00 - 18:00 daily)
XAG/AUD,100804,XAG/AUD,500,0.001,0.5,20/05/2013,,AUD,3,400,18:00 Sun - 17:00 Fri EST / EDT (except 17:00 - 18:00 daily)
SLV/CNH,100929,SLV/CNH,5,0.01,0.05,17/08/2016,,CNH,3,250,18:00 Sun - 17:00 Fri EST / EDT (except 17:00 - 18:00 daily)
XPT/USD,100806,XPT/USD,5,0.01,0.05,07/10/2013,,USD,5,400,18:00 Sun - 17:00 Fri EST / EDT (except 17:00 - 18:00 daily)
XPD/USD,100807,XPD/USD,10,0.01,0.1,07/10/2013,,USD,5,300,18:00 Sun - 17:00 Fri EST / EDT (except 17:00 - 18:00 daily)
UK Brent (Spot),100805,XBR/USD,100,0.01,1,27/05/2013,,USD,3,1000,20:00 Sun - 17:00 Fri EST / EDT (except 17:00 - 20:00 daily)
US Crude (Spot),100800,XTI/USD,100,0.01,1,01/04/2013,,USD,3,1000,18:00 Sun - 17:00 Fri EST / EDT (except 17:00 - 18:00 daily)
US Natural Gas (Spot),100926,XNG/USD,1000,0.001,1,24/02/2015,,USD,4,800,18:00 Sun - 17:00 Fri EST / EDT (except 17:00 - 18:00 daily)
Australia 200,100888,AUS200,1,0.1,0.1,11/11/2013,,AUD,2,150,18:00 Sun - 17:00 Fri EST / EDT (except 17:00 - 18:00 daily)
Europe 50,100101,STOXX50E,1,0.1,0.1,19/07/2010,,EUR,3,150,18:00 Sun - 17:00 Fri EST / EDT (except 17:00 - 18:00 daily)
France 40,100099,FCHI,1,0.1,0.1,19/07/2010,,EUR,3,160,18:00 Sun - 17:00 Fri EST / EDT (except 17:00 - 18:00 daily)
Germany 30,100097,GDAXI,2.5,0.1,0.25,19/07/2010,,EUR,3,170,08:00 - 22:00 CET Mon - Fri
Germany 30 (Mini),110097,GDAXIm,1,0.1,0.1,27/08/2014,,EUR,3,150,08:00 - 22:00 CET Mon - Fri
Hong Kong 50,100904,HSI,1,0.5,0.5,09/10/2015,,HKD,3,1000,09:15 - 23:45 HKT Mon - Fri
Japan 225,100105,J225,100,1,100,12/04/2013,,JPY,2,170,18:00 Sun - 17:00 Fri EST / EDT (except 17:00 - 18:00 daily)
Spain 35,100906,SPN35,1,0.1,0.1,19/01/2016,,EUR,3,150,08:00 - 20:00 CET Mon - Fri
UK 100,100089,UK100,1,0.1,0.1,19/07/2010,,GBP,3,200,18:00 Sun - 17:00 Fri EST / EDT (except 17:00 - 18:00 daily)
US SPX 500,100093,SPX,25,0.1,2.5,19/07/2010,,USD,1.5,100,18:00 Sun - 17:00 Fri EST / EDT (except 17:00 - 18:00 daily)
US SPX 500 (Mini),110093,SPXm,10,0.1,1,02/12/2014,,USD,1,125,18:00 Sun - 17:00 Fri EST / EDT (except 17:00 - 18:00 daily)
US Tech 100,100095,NDX,10,0.1,1,19/07/2010,,USD,2,50,18:00 Sun - 17:00 Fri EST / EDT (except 17:00 - 18:00 daily)
US Tech 100 (Mini),110095,NDXm,1,0.1,0.1,29/04/2015,,USD,1,220,18:00 Sun - 17:00 Fri EST / EDT (except 17:00 - 18:00 daily)
Wall Street 30,100091,WS30,1,1,1,19/07/2010,,USD,1.5,200,18:00 Sun - 17:00 Fri EST / EDT (except 17:00 - 18:00 daily)
Wall Street 30 (Mini),110091,WS30m,0.1,1,0.1,29/04/2015,,USD,1,600,18:00 Sun - 17:00 Fri EST / EDT (except 17:00 - 18:00 daily)
